Title,Price,Stock
A Light in the Attic,51.77,Instock(22available)
Tipping the Velvet,53.74,Instock(20available)
Soumission,50.10,Instock(20available)
Sharp Objects,47.82,Instock(20available)
Sapiens: A Brief History of Humankind,54.23,Instock(20available)
The Requiem Red,22.65,Instock(19available)
The Dirty Little Secrets of Getting Your Dream Job,33.34,Instock(19available)
The Coming Woman: A Novel Based on the Life of the Infamous Feminist  Victoria Woodhull,17.93,Instock(19available)
The Boys in the Boat: Nine Americans and Their Epic Quest for Gold at the 1936 Berlin Olympics,22.60,Instock(19available)
The Black Maria,52.15,Instock(19available)
Starving Hearts (Triangular Trade Trilogy  #1),13.99,Instock(19available)
Shakespeare's Sonnets,20.66,Instock(19available)
Set Me Free,17.46,Instock(19available)
Scott Pilgrim's Precious Little Life (Scott Pilgrim #1),52.29,Instock(19available)
Rip it Up and Start Again,35.02,Instock(19available)
Our Band Could Be Your Life: Scenes from the American Indie Underground  1981-1991,57.25,Instock(19available)
Olio,23.88,Instock(19available)
Mesaerion: The Best Science Fiction Stories 1800-1849,37.59,Instock(19available)
Libertarianism for Beginners,51.33,Instock(19available)
You can't bury them all: Poems,33.63,Instock(17available)
In Her Wake,12.84,Instock(19available)
How Music Works,37.32,Instock(19available)
Foolproof Preserving: A Guide to Small Batch Jams  Jellies  Pickles  Condiments  and More: A Foolproof Guide to Making Small Batch Jams  Jellies  Pickles  Condiments  and More,30.52,Instock(19available)
Chase Me (Paris Nights #2),25.27,Instock(19available)
Black Dust,34.53,Instock(19available)
Birdsong: A Story in Pictures,54.64,Instock(19available)
America's Cradle of Quarterbacks: Western Pennsylvania's Football Factory from Johnny Unitas to Joe Montana,22.50,Instock(19available)
Aladdin and His Wonderful Lamp,53.13,Instock(19available)
Worlds Elsewhere: Journeys Around Shakespeare’s Globe,40.30,Instock(18available)
Wall and Piece,44.18,Instock(18available)
The Four Agreements: A Practical Guide to Personal Freedom,17.66,Instock(18available)
The Five Love Languages: How to Express Heartfelt Commitment to Your Mate,31.05,Instock(18available)
The Elephant Tree,23.82,Instock(18available)
The Bear and the Piano,36.89,Instock(18available)
Sophie's World,15.94,Instock(18available)
Penny Maybe,33.29,Instock(18available)
Maude (1883-1993):She Grew Up with the country,18.02,Instock(18available)
In a Dark  Dark Wood,19.63,Instock(18available)
Behind Closed Doors,52.22,Instock(18available)
The Natural History of Us (The Fine Art of Pretending #2),45.22,Instock(16available)
Slow States of Collapse: Poems,57.31,Instock(17available)
Reasons to Stay Alive,26.41,Instock(17available)
Private Paris (Private #10),47.61,Instock(17available)
#HigherSelfie: Wake Up Your Life. Free Your Soul. Find Your Tribe.,23.11,Instock(17available)
Without Borders (Wanderlove #1),45.07,Instock(16available)
When We Collided,31.77,Instock(16available)
We Love You  Charlie Freeman,50.27,Instock(16available)
Untitled Collection: Sabbath Poems 2014,14.27,Instock(16available)
Unseen City: The Majesty of Pigeons  the Discreet Charm of Snails & Other Wonders of the Urban Wilderness,44.18,Instock(16available)
Unicorn Tracks,18.78,Instock(16available)
Unbound: How Eight Technologies Made Us Human  Transformed Society  and Brought Our World to the Brink,25.52,Instock(16available)
Tsubasa: WoRLD CHRoNiCLE 2 (Tsubasa WoRLD CHRoNiCLE #2),16.28,Instock(16available)
Throwing Rocks at the Google Bus: How Growth Became the Enemy of Prosperity,31.12,Instock(16available)
This One Summer,19.49,Instock(16available)
Thirst,17.27,Instock(16available)
The Torch Is Passed: A Harding Family Story,19.09,Instock(16available)
The Secret of Dreadwillow Carse,56.13,Instock(16available)
The Pioneer Woman Cooks: Dinnertime: Comfort Classics  Freezer Food  16-Minute Meals  and Other Delicious Ways to Solve Supper!,56.41,Instock(16available)
The Past Never Ends,56.50,Instock(16available)
Rat Queens  Vol. 3: Demons (Rat Queens (Collected Editions) #11-15),50.40,Instock(16available)
The Nameless City (The Nameless City #1),38.16,Instock(16available)
The Murder That Never Was (Forensic Instincts #5),54.11,Instock(16available)
The Most Perfect Thing: Inside (and Outside) a Bird's Egg,42.96,Instock(16available)
The Mindfulness and Acceptance Workbook for Anxiety: A Guide to Breaking Free from Anxiety  Phobias  and Worry Using Acceptance and Commitment Therapy,23.89,Instock(16available)
The Life-Changing Magic of Tidying Up: The Japanese Art of Decluttering and Organizing,16.77,Instock(16available)
The Inefficiency Assassin: Time Management Tactics for Working Smarter  Not Longer,20.59,Instock(16available)
The Gutsy Girl: Escapades for Your Life of Epic Adventure,37.13,Instock(16available)
The Electric Pencil: Drawings from Inside State Hospital No. 3,56.06,Instock(16available)
The Death of Humanity: and the Case for Life,58.11,Instock(16available)
The Bulletproof Diet: Lose up to a Pound a Day  Reclaim Energy and Focus  Upgrade Your Life,49.05,Instock(16available)
The Art Forger,40.76,Instock(16available)
The Age of Genius: The Seventeenth Century and the Birth of the Modern Mind,19.73,Instock(16available)
The Activist's Tao Te Ching: Ancient Advice for a Modern Revolution,32.24,Instock(16available)
Spark Joy: An Illustrated Master Class on the Art of Organizing and Tidying Up,41.83,Instock(16available)
Soul Reader,39.58,Instock(16available)
Security,39.25,Instock(16available)
Saga  Volume 6 (Saga (Collected Editions) #6),25.02,Instock(16available)
Saga  Volume 5 (Saga (Collected Editions) #5),51.04,Instock(16available)
Reskilling America: Learning to Labor in the Twenty-First Century,19.83,Instock(16available)
In the Country We Love: My Family Divided,22.00,Instock(16available)
Princess Jellyfish 2-in-1 Omnibus  Vol. 01 (Princess Jellyfish 2-in-1 Omnibus #1),13.61,Instock(16available)
Princess Between Worlds (Wide-Awake Princess #5),13.34,Instock(16available)
Pop Gun War  Volume 1: Gift,18.97,Instock(16available)
Political Suicide: Missteps  Peccadilloes  Bad Calls  Backroom Hijinx  Sordid Pasts  Rotten Breaks  and Just Plain Dumb Mistakes in the Annals of American Politics,36.28,Instock(16available)
Patience,10.16,Instock(16available)
Outcast  Vol. 1: A Darkness Surrounds Him (Outcast #1),15.44,Instock(16available)
orange: The Complete Collection 1 (orange: The Complete Collection #1),48.41,Instock(16available)
Online Marketing for Busy Authors: A Step-By-Step Guide,46.35,Instock(16available)
On a Midnight Clear,14.07,Instock(16available)
Obsidian (Lux #1),14.86,Instock(16available)
My Paris Kitchen: Recipes and Stories,33.37,Instock(16available)
Masks and Shadows,56.40,Instock(16available)
Mama Tried: Traditional Italian Cooking for the Screwed  Crude  Vegan  and Tattooed,14.02,Instock(16available)
Lumberjanes  Vol. 2: Friendship to the Max (Lumberjanes #5-8),46.91,Instock(16available)
Lumberjanes  Vol. 1: Beware the Kitten Holy (Lumberjanes #1-4),45.61,Instock(16available)
Lumberjanes Vol. 3: A Terrible Plan (Lumberjanes #9-12),19.92,Instock(16available)
Layered: Baking  Building  and Styling Spectacular Cakes,40.11,Instock(16available)
Judo: Seven Steps to Black Belt (an Introductory Guide for Beginners),53.90,Instock(16available)
Join,35.67,Instock(16available)
Avatar: The Last Airbender: Smoke and Shadow  Part 3 (Smoke and Shadow #3),28.09,Instock(16available)
Immunity: How Elie Metchnikoff Changed the Course of Modern Medicine,57.36,Instock(16available)
I Hate Fairyland  Vol. 1: Madly Ever After (I Hate Fairyland (Compilations) #1-5),29.17,Instock(16available)
I am a Hero Omnibus Volume 1,54.63,Instock(16available)
How to Be Miserable: 40 Strategies You Already Use,46.03,Instock(16available)
Her Backup Boyfriend (The Sorensen Family #1),33.97,Instock(16available)
Giant Days  Vol. 2 (Giant Days #5-8),22.11,Instock(16available)
Forever and Forever: The Courtship of Henry Longfellow and Fanny Appleton,29.69,Instock(16available)
First and First (Five Boroughs #3),15.97,Instock(16available)
Fifty Shades Darker (Fifty Shades #2),21.96,Instock(16available)
Everydata: The Misinformation Hidden in the Little Data You Consume Every Day,54.35,Instock(16available)
Don't Be a Jerk: And Other Practical Advice from Dogen  Japan's Greatest Zen Master,37.97,Instock(16available)
Danganronpa Volume 1,51.99,Instock(16available)
Crown of Midnight (Throne of Glass #2),43.29,Instock(16available)
Codename Baboushka  Volume 1: The Conclave of Death,36.72,Instock(16available)
Camp Midnight,17.08,Instock(16available)
Call the Nurse: True Stories of a Country Nurse on a Scottish Isle,29.14,Instock(16available)
Burning,28.81,Instock(16available)
Bossypants,49.46,Instock(16available)
Bitch Planet  Vol. 1: Extraordinary Machine (Bitch Planet (Collected Editions)),37.92,Instock(16available)
The Stranger,17.44,Instock(15available)
Algorithms to Live By: The Computer Science of Human Decisions,30.81,Instock(16available)
A World of Flavor: Your Gluten Free Passport,42.95,Instock(16available)
A Piece of Sky  a Grain of Rice: A Memoir in Four Meditations,56.76,Instock(16available)
A Murder in Time,16.64,Instock(16available)
A Flight of Arrows (The Pathfinders #2),55.53,Instock(16available)
A Fierce and Subtle Poison,28.13,Instock(16available)
A Court of Thorns and Roses (A Court of Thorns and Roses #1),52.37,Instock(16available)
(Un)Qualified: How God Uses Broken People to Do Big Things,54.00,Instock(16available)
You Are What You Love: The Spiritual Power of Habit,21.87,Instock(15available)
William Shakespeare's Star Wars: Verily  A New Hope (William Shakespeare's Star Wars #4),43.30,Instock(15available)
Tuesday Nights in 1980,21.04,Instock(15available)
Tracing Numbers on a Train,41.60,Instock(15available)
Throne of Glass (Throne of Glass #1),35.07,Instock(15available)
Thomas Jefferson and the Tripoli Pirates: The Forgotten War That Changed American History,59.64,Instock(15available)
Thirteen Reasons Why,52.72,Instock(15available)
The White Cat and the Monk: A Retelling of the Poem “Pangur Bán”,58.08,Instock(15available)
The Wedding Dress,24.12,Instock(15available)
The Vacationers,42.15,Instock(15available)
The Third Wave: An Entrepreneur’s Vision of the Future,12.61,Instock(15available)
The Cookies & Cups Cookbook: 125+ sweet & savory recipes reminding you to Always Eat Dessert First,41.25,Instock(15available)
The Shadow Hero (The Shadow Hero),33.14,Instock(15available)
The Secret (The Secret #1),27.37,Instock(15available)
The Regional Office Is Under Attack!,51.36,Instock(15available)
The Psychopath Test: A Journey Through the Madness Industry,36.00,Instock(15available)
The Project,10.65,Instock(15available)
The Power of Now: A Guide to Spiritual Enlightenment,43.54,Instock(15available)
The Omnivore's Dilemma: A Natural History of Four Meals,38.21,Instock(15available)
The Nerdy Nummies Cookbook: Sweet Treats for the Geek in All of Us,37.34,Instock(15available)
The Murder of Roger Ackroyd (Hercule Poirot #4),44.10,Instock(15available)
The Mistake (Off-Campus #2),43.29,Instock(15available)
The Matchmaker's Playbook (Wingmen Inc. #1),55.85,Instock(15available)
The Love and Lemons Cookbook: An Apple-to-Zucchini Celebration of Impromptu Cooking,37.60,Instock(15available)
The Long Shadow of Small Ghosts: Murder and Memory in an American City,10.97,Instock(15available)
The Kite Runner,41.82,Instock(15available)
The House by the Lake,36.95,Instock(15available)
The Glittering Court (The Glittering Court #1),44.28,Instock(15available)
The Girl on the Train,55.02,Instock(15available)
The Genius of Birds,17.24,Instock(15available)
The Emerald Mystery,23.15,Instock(15available)
Mrs. Houdini,30.25,Instock(15available)
A Light in the Attic,51.77,Instock(22available)
Tipping the Velvet,53.74,Instock(20available)
Soumission,50.10,Instock(20available)
Sharp Objects,47.82,Instock(20available)
Sapiens: A Brief History of Humankind,54.23,Instock(20available)
The Requiem Red,22.65,Instock(19available)
The Dirty Little Secrets of Getting Your Dream Job,33.34,Instock(19available)
The Coming Woman: A Novel Based on the Life of the Infamous Feminist  Victoria Woodhull,17.93,Instock(19available)
The Boys in the Boat: Nine Americans and Their Epic Quest for Gold at the 1936 Berlin Olympics,22.60,Instock(19available)
The Black Maria,52.15,Instock(19available)
Starving Hearts (Triangular Trade Trilogy  #1),13.99,Instock(19available)
Shakespeare's Sonnets,20.66,Instock(19available)
Set Me Free,17.46,Instock(19available)
Scott Pilgrim's Precious Little Life (Scott Pilgrim #1),52.29,Instock(19available)
Rip it Up and Start Again,35.02,Instock(19available)
Our Band Could Be Your Life: Scenes from the American Indie Underground  1981-1991,57.25,Instock(19available)
Olio,23.88,Instock(19available)
Mesaerion: The Best Science Fiction Stories 1800-1849,37.59,Instock(19available)
Libertarianism for Beginners,51.33,Instock(19available)
You can't bury them all: Poems,33.63,Instock(17available)
A Light in the Attic,51.77,Instock(22available)
Tipping the Velvet,53.74,Instock(20available)
Soumission,50.10,Instock(20available)
Sharp Objects,47.82,Instock(20available)
Sapiens: A Brief History of Humankind,54.23,Instock(20available)
The Requiem Red,22.65,Instock(19available)
The Dirty Little Secrets of Getting Your Dream Job,33.34,Instock(19available)
The Coming Woman: A Novel Based on the Life of the Infamous Feminist  Victoria Woodhull,17.93,Instock(19available)
The Boys in the Boat: Nine Americans and Their Epic Quest for Gold at the 1936 Berlin Olympics,22.60,Instock(19available)
The Black Maria,52.15,Instock(19available)
Starving Hearts (Triangular Trade Trilogy  #1),13.99,Instock(19available)
Shakespeare's Sonnets,20.66,Instock(19available)
Set Me Free,17.46,Instock(19available)
Scott Pilgrim's Precious Little Life (Scott Pilgrim #1),52.29,Instock(19available)
Rip it Up and Start Again,35.02,Instock(19available)
Our Band Could Be Your Life: Scenes from the American Indie Underground  1981-1991,57.25,Instock(19available)
Olio,23.88,Instock(19available)
Mesaerion: The Best Science Fiction Stories 1800-1849,37.59,Instock(19available)
Libertarianism for Beginners,51.33,Instock(19available)
You can't bury them all: Poems,33.63,Instock(17available)
A Light in the Attic,51.77,Instock(22available)
Tipping the Velvet,53.74,Instock(20available)
Soumission,50.10,Instock(20available)
Sharp Objects,47.82,Instock(20available)
Sapiens: A Brief History of Humankind,54.23,Instock(20available)
The Requiem Red,22.65,Instock(19available)
The Dirty Little Secrets of Getting Your Dream Job,33.34,Instock(19available)
The Coming Woman: A Novel Based on the Life of the Infamous Feminist  Victoria Woodhull,17.93,Instock(19available)
The Boys in the Boat: Nine Americans and Their Epic Quest for Gold at the 1936 Berlin Olympics,22.60,Instock(19available)
The Black Maria,52.15,Instock(19available)
Starving Hearts (Triangular Trade Trilogy  #1),13.99,Instock(19available)
Shakespeare's Sonnets,20.66,Instock(19available)
Set Me Free,17.46,Instock(19available)
Scott Pilgrim's Precious Little Life (Scott Pilgrim #1),52.29,Instock(19available)
Rip it Up and Start Again,35.02,Instock(19available)
Our Band Could Be Your Life: Scenes from the American Indie Underground  1981-1991,57.25,Instock(19available)
Olio,23.88,Instock(19available)
Mesaerion: The Best Science Fiction Stories 1800-1849,37.59,Instock(19available)
Libertarianism for Beginners,51.33,Instock(19available)
You can't bury them all: Poems,33.63,Instock(17available)
In Her Wake,12.84,Instock(19available)
How Music Works,37.32,Instock(19available)
Foolproof Preserving: A Guide to Small Batch Jams  Jellies  Pickles  Condiments  and More: A Foolproof Guide to Making Small Batch Jams  Jellies  Pickles  Condiments  and More,30.52,Instock(19available)
Chase Me (Paris Nights #2),25.27,Instock(19available)
Black Dust,34.53,Instock(19available)
Birdsong: A Story in Pictures,54.64,Instock(19available)
America's Cradle of Quarterbacks: Western Pennsylvania's Football Factory from Johnny Unitas to Joe Montana,22.50,Instock(19available)
Aladdin and His Wonderful Lamp,53.13,Instock(19available)
Worlds Elsewhere: Journeys Around Shakespeare’s Globe,40.30,Instock(18available)
Wall and Piece,44.18,Instock(18available)
The Four Agreements: A Practical Guide to Personal Freedom,17.66,Instock(18available)
The Five Love Languages: How to Express Heartfelt Commitment to Your Mate,31.05,Instock(18available)
The Elephant Tree,23.82,Instock(18available)
The Bear and the Piano,36.89,Instock(18available)
Sophie's World,15.94,Instock(18available)
Penny Maybe,33.29,Instock(18available)
Maude (1883-1993):She Grew Up with the country,18.02,Instock(18available)
In a Dark  Dark Wood,19.63,Instock(18available)
Behind Closed Doors,52.22,Instock(18available)
The Natural History of Us (The Fine Art of Pretending #2),45.22,Instock(16available)
In Her Wake,12.84,Instock(19available)
How Music Works,37.32,Instock(19available)
Foolproof Preserving: A Guide to Small Batch Jams  Jellies  Pickles  Condiments  and More: A Foolproof Guide to Making Small Batch Jams  Jellies  Pickles  Condiments  and More,30.52,Instock(19available)
Chase Me (Paris Nights #2),25.27,Instock(19available)
Black Dust,34.53,Instock(19available)
Birdsong: A Story in Pictures,54.64,Instock(19available)
America's Cradle of Quarterbacks: Western Pennsylvania's Football Factory from Johnny Unitas to Joe Montana,22.50,Instock(19available)
Aladdin and His Wonderful Lamp,53.13,Instock(19available)
Worlds Elsewhere: Journeys Around Shakespeare’s Globe,40.30,Instock(18available)
Wall and Piece,44.18,Instock(18available)
The Four Agreements: A Practical Guide to Personal Freedom,17.66,Instock(18available)
The Five Love Languages: How to Express Heartfelt Commitment to Your Mate,31.05,Instock(18available)
The Elephant Tree,23.82,Instock(18available)
The Bear and the Piano,36.89,Instock(18available)
Sophie's World,15.94,Instock(18available)
Penny Maybe,33.29,Instock(18available)
Maude (1883-1993):She Grew Up with the country,18.02,Instock(18available)
In a Dark  Dark Wood,19.63,Instock(18available)
Behind Closed Doors,52.22,Instock(18available)
The Natural History of Us (The Fine Art of Pretending #2),45.22,Instock(16available)
